product_id,product_name,category,unit_cost,unit_price
PROD00001,Follow Plant,Books,23.71,54.58
PROD00002,Security Full,Sports & Leisure,259.64,529.62
PROD00003,Adult Response,Home & Furniture,260.67,574.35
PROD00004,Democrat All,Groceries,88.02,199.51
PROD00005,Hair Option,Books,264.55,584.65
PROD00006,Light During,Home & Furniture,224.83,508.86
PROD00007,Painting To,Electronics,147.54,311.21
PROD00008,Interesting Fast,Books,107.59,252.0
PROD00009,Game Across,Home & Furniture,122.82,299.88
PROD00010,Focus Enjoy,Beauty,162.65,400.23
PROD00011,Political Very,Beauty,126.69,325.04
PROD00012,Add Career,Auto Parts,128.97,220.05
PROD00013,Leader Relate,Garden & Tools,64.92,155.37
PROD00014,Not American,Garden & Tools,213.8,580.39
PROD00015,However Direction,Toys,184.83,330.47
PROD00016,Cover Fish,Auto Parts,297.61,727.43
PROD00017,Bank Interesting,Books,46.67,77.77
PROD00018,Study Support,Electronics,38.55,57.09
PROD00019,Produce Very,Garden & Tools,157.2,300.93
PROD00020,Go Like,Groceries,49.84,124.12
PROD00021,Seven Simple,Beauty,185.13,313.13
PROD00022,Accept Figure,Garden & Tools,62.85,105.08
PROD00023,Item Discussion,Groceries,147.48,242.5
PROD00024,Long Accept,Fashion,185.34,287.09
PROD00025,Religious Stand,Books,140.12,305.15
PROD00026,Middle As,Beauty,99.4,157.98
PROD00027,Glass Ready,Garden & Tools,235.78,635.63
PROD00028,Newspaper Special,Beauty,257.12,450.86
PROD00029,Finish Yard,Home & Furniture,87.02,179.94
PROD00030,Happen Fear,Beauty,244.95,454.3
PROD00031,Others American,Electronics,120.53,330.29
PROD00032,Together Mean,Electronics,148.85,279.6
PROD00033,Democratic Successful,Sports & Leisure,73.37,154.22
PROD00034,Friend Can,Electronics,189.59,459.09
PROD00035,Behind Entire,Fashion,34.77,51.25
PROD00036,Huge Force,Fashion,179.53,224.81
PROD00037,Art Far,Garden & Tools,296.97,572.52
PROD00038,Spring Hit,Beauty,227.27,472.95
PROD00039,Chance Southern,Electronics,269.04,446.42
PROD00040,Establish Relate,Toys,141.94,275.36
PROD00041,Ready Specific,Beauty,46.92,102.49
PROD00042,Population Teach,Toys,90.1,248.43
PROD00043,Executive Give,Sports & Leisure,19.46,42.09
PROD00044,Knowledge Hold,Electronics,153.03,293.54
PROD00045,Type Three,Beauty,196.65,243.07
PROD00046,Heavy Big,Sports & Leisure,130.22,220.97
PROD00047,Piece Listen,Beauty,171.15,303.55
PROD00048,Memory Firm,Toys,99.61,195.55
PROD00049,Congress Indeed,Electronics,30.33,74.35
PROD00050,Member Know,Auto Parts,132.44,323.34
PROD00051,Someone Meeting,Books,166.6,425.24
PROD00052,Eat Sport,Groceries,294.88,490.68
PROD00053,Own Training,Groceries,107.45,188.5
PROD00054,Professional Happen,Auto Parts,204.94,295.19
PROD00055,He Fact,Sports & Leisure,247.67,636.97
PROD00056,Nearly Back,Groceries,103.94,233.2
PROD00057,Air Raise,Groceries,279.33,369.86
PROD00058,Note Again,Books,104.96,176.95
PROD00059,Every Lawyer,Garden & Tools,291.09,420.44
PROD00060,Between Every,Groceries,5.64,15.51
PROD00061,Whatever Four,Sports & Leisure,192.08,330.26
PROD00062,Each Cell,Garden & Tools,238.03,474.71
PROD00063,Could Ten,Groceries,87.62,149.71
PROD00064,Avoid Behavior,Garden & Tools,39.53,77.43
PROD00065,Analysis Behind,Fashion,12.19,34.11
PROD00066,Choice Ask,Beauty,26.95,44.73
PROD00067,Technology Box,Fashion,165.2,272.94
PROD00068,Mr Painting,Sports & Leisure,252.55,453.13
PROD00069,Them Learn,Sports & Leisure,23.62,34.74
PROD00070,Story Evidence,Sports & Leisure,38.39,91.46
PROD00071,Picture Make,Home & Furniture,6.51,11.76
PROD00072,Task Support,Auto Parts,88.27,187.96
PROD00073,Answer Thousand,Toys,276.77,624.97
PROD00074,Without Usually,Groceries,86.5,108.71
PROD00075,Store Up,Home & Furniture,135.04,301.19
PROD00076,Author Piece,Garden & Tools,57.79,118.61
PROD00077,Evidence Have,Garden & Tools,39.3,52.37
PROD00078,Carry Western,Toys,58.81,82.29
PROD00079,Information Suddenly,Fashion,67.08,127.81
PROD00080,Officer Bed,Sports & Leisure,43.44,76.2
PROD00081,Team All,Toys,238.51,453.17
PROD00082,Beautiful Value,Auto Parts,145.79,323.19
PROD00083,Pretty Near,Garden & Tools,164.23,237.65
PROD00084,Institution At,Electronics,115.52,261.06
PROD00085,Night Reveal,Books,67.17,168.53
PROD00086,Expert Stand,Books,32.7,39.39
PROD00087,Development Job,Home & Furniture,27.4,49.03
PROD00088,Many Page,Garden & Tools,59.62,97.79
PROD00089,Hour Share,Auto Parts,255.8,483.77
PROD00090,Down Garden,Sports & Leisure,68.88,150.46
PROD00091,Significant Air,Auto Parts,109.67,164.52
PROD00092,Than Around,Beauty,173.96,246.08
PROD00093,Quality Help,Sports & Leisure,155.87,368.81
PROD00094,Say Week,Sports & Leisure,201.42,462.7
PROD00095,Nice Cover,Sports & Leisure,62.32,120.74
PROD00096,Stage Science,Auto Parts,159.59,319.52
PROD00097,Put Dog,Electronics,231.49,377.74
PROD00098,Light Test,Groceries,119.31,206.01
PROD00099,Place Life,Toys,291.71,499.45
PROD00100,Whom Will,Electronics,175.5,414.55
PROD00101,Tree More,Home & Furniture,204.07,426.31
PROD00102,Future Until,Electronics,140.43,332.42
PROD00103,Theory Involve,Beauty,258.07,553.6
PROD00104,Environment Response,Garden & Tools,138.19,286.47
PROD00105,Even Per,Auto Parts,282.97,484.71
PROD00106,Field None,Electronics,95.71,175.41
PROD00107,Degree Make,Fashion,260.42,682.26
PROD00108,Together Ago,Toys,193.61,410.74
PROD00109,For Guy,Beauty,240.72,490.86
PROD00110,Skin Perform,Books,16.12,20.71
PROD00111,Risk Medical,Toys,86.8,197.33
PROD00112,Because Production,Books,254.89,585.64
PROD00113,Cold Amount,Groceries,98.91,227.99
PROD00114,Heavy Magazine,Home & Furniture,215.23,289.69
PROD00115,Sometimes Seat,Electronics,297.7,500.35
PROD00116,Some Well,Toys,57.26,102.72
PROD00117,Card Drug,Fashion,128.18,323.32
PROD00118,Cell Option,Beauty,53.71,148.73
PROD00119,Cost Bar,Toys,50.51,94.13
PROD00120,Provide School,Home & Furniture,191.75,400.15
PROD00121,Itself Religious,Toys,61.46,74.47
PROD00122,College Do,Beauty,147.38,178.93
PROD00123,Discover Box,Auto Parts,293.49,387.17
PROD00124,Hot Recognize,Electronics,103.27,242.8
PROD00125,Civil Box,Fashion,262.72,390.14
PROD00126,Response Me,Groceries,121.93,294.16
PROD00127,Down Meet,Toys,82.55,156.1
PROD00128,Never Three,Home & Furniture,104.19,266.72
PROD00129,Seek Out,Sports & Leisure,42.67,110.62
PROD00130,Wish Source,Toys,205.3,535.37
PROD00131,Range Party,Sports & Leisure,155.16,321.12
PROD00132,Commercial Maintain,Garden & Tools,186.08,458.06
PROD00133,Side Above,Electronics,94.41,213.28
PROD00134,Kind Treatment,Sports & Leisure,197.77,296.41
PROD00135,Talk Charge,Garden & Tools,53.56,96.97
PROD00136,Successful Modern,Fashion,197.48,541.05
PROD00137,Play Hundred,Electronics,28.94,70.5
PROD00138,Writer Street,Garden & Tools,123.08,199.49
PROD00139,Weight Blood,Beauty,184.88,304.97
PROD00140,Situation Here,Toys,257.32,413.43
PROD00141,Treat Next,Toys,244.66,422.31
PROD00142,Cup Push,Home & Furniture,160.45,430.86
PROD00143,Product Site,Home & Furniture,265.59,502.94
PROD00144,Total Follow,Electronics,154.24,274.98
PROD00145,Probably Deal,Home & Furniture,157.56,249.37
PROD00146,Number Program,Auto Parts,217.56,571.72
PROD00147,Specific War,Auto Parts,263.95,721.06
PROD00148,Change Two,Toys,182.8,313.99
PROD00149,Three Family,Fashion,283.54,620.0
PROD00150,Put Training,Groceries,73.61,201.21
PROD00151,Generation Seven,Beauty,277.67,555.11
PROD00152,Wrong Challenge,Sports & Leisure,70.39,137.25
PROD00153,Effect Must,Garden & Tools,160.29,327.68
PROD00154,Glass Cultural,Sports & Leisure,239.83,300.52
PROD00155,Line Thank,Home & Furniture,241.47,405.72
PROD00156,Especially Control,Auto Parts,87.06,201.84
PROD00157,Whole Remain,Books,295.84,812.6
PROD00158,Why True,Books,28.78,60.73
PROD00159,Part Why,Electronics,15.26,22.96
PROD00160,Second Sound,Home & Furniture,253.25,476.84
PROD00161,Record Enjoy,Beauty,246.61,489.28
PROD00162,While Adult,Groceries,215.28,310.77
PROD00163,Sure Recent,Groceries,255.98,442.04
PROD00164,Year Help,Auto Parts,45.58,87.15
PROD00165,Else Whether,Electronics,33.23,53.8
PROD00166,Conference Break,Groceries,290.97,513.92
PROD00167,Economic Above,Beauty,189.15,310.58
PROD00168,Between Fly,Sports & Leisure,276.35,602.59
PROD00169,It No,Garden & Tools,272.4,579.06
PROD00170,Me Culture,Sports & Leisure,197.68,411.71
PROD00171,Effect Improve,Toys,190.4,257.95
PROD00172,Design Star,Fashion,111.18,166.07
PROD00173,Risk Change,Sports & Leisure,48.99,67.48
PROD00174,Next Can,Toys,207.55,270.07
PROD00175,Civil Same,Books,246.27,392.78
PROD00176,Order Though,Home & Furniture,165.66,250.35
PROD00177,Team Head,Groceries,20.01,47.22
PROD00178,Response Visit,Auto Parts,47.75,110.47
PROD00179,Why Yes,Auto Parts,35.08,53.4
PROD00180,Daughter Entire,Auto Parts,199.06,291.6
PROD00181,Ability Activity,Home & Furniture,171.61,245.72
PROD00182,Carry Attack,Garden & Tools,142.62,244.18
PROD00183,Loss Quickly,Fashion,165.31,276.18
PROD00184,Movement West,Beauty,86.41,107.64
PROD00185,Anyone Happy,Home & Furniture,242.39,511.1
PROD00186,Spring Must,Books,101.92,268.75
PROD00187,Small Out,Toys,195.07,402.27
PROD00188,Account These,Auto Parts,120.31,156.65
PROD00189,Cultural Former,Electronics,26.29,56.77
PROD00190,Where Point,Toys,80.8,159.66
PROD00191,Reach Myself,Sports & Leisure,289.7,768.02
PROD00192,Across Not,Fashion,61.21,109.02
PROD00193,Film Performance,Sports & Leisure,35.95,86.39
PROD00194,Career Market,Books,90.89,114.66
PROD00195,Have Task,Beauty,263.99,621.54
PROD00196,Raise Party,Garden & Tools,95.28,120.67
PROD00197,Watch Artist,Auto Parts,128.13,224.43
PROD00198,Respond Example,Electronics,96.47,262.1
PROD00199,Them Especially,Garden & Tools,296.75,689.98
PROD00200,This Morning,Books,299.96,803.9
PROD00201,Fear Industry,Garden & Tools,147.42,293.86
PROD00202,Consider Thing,Home & Furniture,236.52,513.24
PROD00203,Might Event,Toys,69.92,141.83
PROD00204,Nor Close,Auto Parts,115.42,226.94
PROD00205,Clearly Work,Books,205.41,436.53
PROD00206,Industry Suggest,Garden & Tools,89.47,112.93
PROD00207,Drop Theory,Auto Parts,71.29,106.73
PROD00208,Level Sport,Groceries,277.06,427.61
PROD00209,Thousand Evening,Sports & Leisure,77.07,139.69
PROD00210,Process Begin,Groceries,22.49,42.63
PROD00211,Guy Money,Sports & Leisure,226.57,540.04
PROD00212,Upon Order,Groceries,76.76,112.44
PROD00213,Show Baby,Toys,137.8,291.01
PROD00214,A Reason,Sports & Leisure,37.91,62.01
PROD00215,Pressure Together,Groceries,25.21,51.05
PROD00216,Sister Say,Books,140.83,310.19
PROD00217,Woman Create,Toys,104.44,222.66
PROD00218,Him Class,Sports & Leisure,154.25,238.26
PROD00219,But Speech,Groceries,289.91,676.98
PROD00220,Ask History,Groceries,125.18,281.16
PROD00221,Both Rather,Electronics,182.78,491.9
PROD00222,Marriage Office,Groceries,33.79,74.83
PROD00223,Floor Purpose,Garden & Tools,266.35,626.59
PROD00224,Agent Tax,Groceries,242.73,606.25
PROD00225,Budget Until,Toys,159.11,217.92
PROD00226,Opportunity Speak,Books,59.1,136.77
PROD00227,Board People,Garden & Tools,130.66,223.39
PROD00228,School Young,Fashion,92.73,233.4
PROD00229,According Western,Toys,298.38,587.3
PROD00230,Early Dark,Beauty,149.8,318.92
PROD00231,Build Around,Groceries,129.56,209.44
PROD00232,Catch Then,Sports & Leisure,54.87,122.96
PROD00233,Church Majority,Fashion,75.54,94.96
PROD00234,For Realize,Books,214.92,515.32
PROD00235,Director Son,Books,162.8,237.9
PROD00236,Meet Old,Books,110.62,173.02
PROD00237,Let Side,Groceries,92.62,111.28
PROD00238,Hit Agent,Electronics,64.22,109.24
PROD00239,Employee Admit,Garden & Tools,15.0,27.32
PROD00240,Four Then,Electronics,293.26,461.71
PROD00241,Same Quickly,Garden & Tools,227.17,356.28
PROD00242,Under Lay,Toys,278.72,732.69
PROD00243,Writer Unit,Fashion,126.7,218.22
PROD00244,Wait Collection,Groceries,261.47,615.93
PROD00245,Speak Lead,Fashion,80.59,127.32
PROD00246,Life Artist,Books,155.4,387.64
PROD00247,Design Accept,Electronics,64.73,147.87
PROD00248,Budget Evening,Home & Furniture,232.25,559.71
PROD00249,Technology Answer,Toys,151.79,288.9
PROD00250,Factor All,Books,163.2,425.51
PROD00251,Series Ready,Electronics,258.54,464.96
PROD00252,Character Community,Garden & Tools,223.07,482.15
PROD00253,Very Might,Toys,290.05,645.1
PROD00254,Its Foreign,Beauty,124.57,339.28
PROD00255,Contain Maybe,Electronics,141.13,199.73
PROD00256,Charge Fast,Auto Parts,186.52,264.29
PROD00257,Picture Never,Fashion,138.73,269.04
PROD00258,Black Boy,Auto Parts,128.79,343.69
PROD00259,Ability Citizen,Toys,105.47,130.22
PROD00260,Outside Debate,Groceries,250.41,411.18
PROD00261,Report Draw,Toys,162.38,268.53
PROD00262,Shoulder One,Garden & Tools,184.18,310.88
PROD00263,Much Item,Auto Parts,65.2,80.82
PROD00264,Can Option,Fashion,79.27,199.84
PROD00265,Other Discover,Groceries,105.24,127.79
PROD00266,Might Research,Home & Furniture,142.28,279.48
PROD00267,Spring Certainly,Beauty,17.96,23.17
PROD00268,Dream Home,Garden & Tools,267.08,661.78
PROD00269,Anyone Pick,Beauty,271.6,650.36
PROD00270,Federal Protect,Books,200.2,471.36
PROD00271,Nation Adult,Fashion,98.24,233.62
PROD00272,Rule Until,Electronics,118.67,320.93
PROD00273,A Behavior,Garden & Tools,221.55,413.61
PROD00274,Table Thought,Groceries,89.46,230.67
PROD00275,Expect Back,Auto Parts,184.63,275.98
PROD00276,Myself Song,Toys,272.35,523.46
PROD00277,Size Scientist,Auto Parts,126.08,153.09
PROD00278,Item Soldier,Books,178.18,294.82
PROD00279,Choose Partner,Fashion,278.93,539.19
PROD00280,Federal Guess,Auto Parts,105.47,280.01
PROD00281,Either These,Electronics,229.09,391.08
PROD00282,And Increase,Electronics,227.76,518.35
PROD00283,Make Home,Home & Furniture,278.91,706.85
PROD00284,Number What,Beauty,258.28,444.87
PROD00285,Move Among,Fashion,225.9,332.25
PROD00286,Office Amount,Electronics,192.77,413.67
PROD00287,Politics Second,Toys,76.15,126.03
PROD00288,From Bill,Beauty,202.84,455.16
PROD00289,Become Receive,Electronics,86.55,122.51
PROD00290,Individual Choose,Books,134.81,194.47
PROD00291,Attention Reach,Books,214.36,489.06
PROD00292,Receive Care,Electronics,204.09,562.82
PROD00293,Play Firm,Toys,123.35,196.75
PROD00294,Big View,Groceries,58.89,137.94
PROD00295,Want Seat,Sports & Leisure,147.82,303.22
PROD00296,Show Claim,Garden & Tools,84.64,215.84
PROD00297,Strong Home,Toys,80.35,146.42
PROD00298,Everything Thus,Groceries,101.4,279.33
PROD00299,Style Sell,Toys,213.34,284.13
PROD00300,Building Data,Fashion,151.7,421.03
PROD00301,First Reduce,Garden & Tools,115.09,293.94
PROD00302,Back Generation,Garden & Tools,270.68,700.07
PROD00303,That That,Home & Furniture,213.5,543.97
PROD00304,Issue Thousand,Auto Parts,150.92,389.22
PROD00305,Room Someone,Sports & Leisure,129.28,323.75
PROD00306,Size Represent,Auto Parts,246.57,650.75
PROD00307,Agent Really,Beauty,56.01,108.51
PROD00308,Vote Miss,Electronics,200.93,543.09
PROD00309,Great Challenge,Groceries,11.2,20.34
PROD00310,Subject Material,Sports & Leisure,7.05,16.68
PROD00311,State Mouth,Beauty,279.88,653.96
PROD00312,Happy Field,Auto Parts,156.63,393.68
PROD00313,Use Choose,Auto Parts,97.96,233.28
PROD00314,Call Raise,Home & Furniture,239.44,300.88
PROD00315,Head Lose,Electronics,295.52,704.12
PROD00316,Early Newspaper,Groceries,15.15,18.74
PROD00317,So Likely,Auto Parts,16.2,33.26
PROD00318,Write Line,Beauty,257.16,653.78
PROD00319,Skin Your,Electronics,169.23,427.7
PROD00320,Democrat When,Toys,265.41,675.76
PROD00321,System Turn,Sports & Leisure,209.92,454.24
PROD00322,Attention By,Sports & Leisure,143.82,214.88
PROD00323,Ahead Picture,Sports & Leisure,52.6,105.87
PROD00324,Campaign They,Garden & Tools,120.01,243.13
PROD00325,Claim Rate,Auto Parts,237.21,407.91
PROD00326,Force Six,Toys,74.01,139.03
PROD00327,Simple Area,Home & Furniture,215.15,558.42
PROD00328,Effect Unit,Garden & Tools,77.97,158.18
PROD00329,Allow Part,Auto Parts,141.74,329.91
PROD00330,Five Along,Beauty,30.2,60.2
PROD00331,Guess Far,Sports & Leisure,139.22,304.61
PROD00332,Model Figure,Home & Furniture,185.75,250.42
PROD00333,Senior Different,Fashion,171.18,460.51
PROD00334,Identify Power,Sports & Leisure,124.91,237.02
PROD00335,Modern Green,Electronics,114.06,273.43
PROD00336,Force May,Electronics,86.24,195.54
PROD00337,Others He,Electronics,231.3,573.35
PROD00338,Back Operation,Toys,235.88,296.22
PROD00339,Property Few,Garden & Tools,147.49,397.72
PROD00340,Style Network,Beauty,117.86,297.9
PROD00341,Behavior Practice,Beauty,193.04,489.17
PROD00342,Voice As,Fashion,169.53,330.14
PROD00343,Floor Responsibility,Home & Furniture,201.84,499.38
PROD00344,Card Pay,Beauty,95.27,202.0
PROD00345,Trip Through,Home & Furniture,237.56,476.44
PROD00346,Memory Material,Toys,98.44,241.76
PROD00347,Home Sea,Garden & Tools,128.52,283.32
PROD00348,Subject Both,Books,44.06,58.31
PROD00349,Risk Give,Books,257.33,438.29
PROD00350,Civil Interest,Home & Furniture,195.06,428.22
PROD00351,Room Thought,Sports & Leisure,74.41,196.89
PROD00352,Seem Center,Garden & Tools,256.26,690.06
PROD00353,Answer Reach,Groceries,212.91,541.27
PROD00354,First Tough,Home & Furniture,135.44,217.64
PROD00355,Right Ago,Groceries,297.0,581.35
PROD00356,Middle Information,Auto Parts,104.48,197.83
PROD00357,Term Begin,Fashion,34.37,65.37
PROD00358,Stand Size,Beauty,221.37,283.28
PROD00359,Memory Establish,Groceries,228.33,337.43
PROD00360,Case Ahead,Home & Furniture,22.39,32.36
PROD00361,Forget Time,Home & Furniture,246.73,539.75
PROD00362,Oil Always,Electronics,233.9,434.79
PROD00363,Success Many,Home & Furniture,279.23,480.0
PROD00364,Official Size,Auto Parts,39.97,76.35
PROD00365,Loss Thus,Sports & Leisure,182.24,313.22
PROD00366,Adult Five,Beauty,69.73,168.19
PROD00367,Analysis Leader,Home & Furniture,122.84,180.24
PROD00368,Property Few,Home & Furniture,83.2,107.31
PROD00369,Although Short,Books,137.54,308.24
PROD00370,Campaign Then,Toys,38.3,60.09
PROD00371,Himself Condition,Beauty,94.54,210.76
PROD00372,Camera History,Toys,25.92,33.53
PROD00373,Major Church,Electronics,150.09,239.45
PROD00374,Should Serious,Groceries,92.52,133.8
PROD00375,Pressure Hair,Fashion,179.14,298.28
PROD00376,Article Example,Toys,139.65,241.06
PROD00377,Official World,Toys,76.94,153.29
PROD00378,The Store,Fashion,35.37,71.88
PROD00379,Report Wrong,Sports & Leisure,227.23,501.76
PROD00380,Read Newspaper,Home & Furniture,191.77,331.89
PROD00381,Any Republican,Auto Parts,14.71,30.17
PROD00382,Strategy Actually,Sports & Leisure,296.86,826.51
PROD00383,Staff Number,Beauty,194.53,299.0
PROD00384,At Very,Garden & Tools,66.12,95.5
PROD00385,Buy Might,Fashion,252.95,644.54
PROD00386,Weight Democrat,Electronics,265.22,492.4
PROD00387,Science Avoid,Toys,174.24,445.19
PROD00388,Just Couple,Fashion,266.24,500.4
PROD00389,Positive Heart,Garden & Tools,13.61,16.8
PROD00390,Trade Be,Electronics,283.82,510.82
PROD00391,Food Forward,Garden & Tools,21.88,47.62
PROD00392,As Result,Garden & Tools,194.51,372.7
PROD00393,Against Beautiful,Groceries,107.04,207.12
PROD00394,Time Great,Groceries,16.6,46.44
PROD00395,School Figure,Fashion,279.14,577.99
PROD00396,Cell Product,Garden & Tools,44.93,104.02
PROD00397,Skill Wrong,Fashion,256.85,604.51
PROD00398,Approach Main,Home & Furniture,102.45,122.97
PROD00399,Send Compare,Groceries,223.64,466.05
PROD00400,It Too,Auto Parts,80.0,219.27
PROD00401,Listen Family,Beauty,177.11,425.3
PROD00402,Meeting Relate,Beauty,240.87,420.24
PROD00403,Foreign Share,Sports & Leisure,172.02,306.77
PROD00404,Teacher Central,Fashion,95.43,160.87
PROD00405,Over Democrat,Sports & Leisure,73.86,163.11
PROD00406,Guy Want,Beauty,56.57,76.69
PROD00407,Simple True,Groceries,252.45,420.08
PROD00408,Truth Media,Sports & Leisure,185.23,369.93
PROD00409,Bank Sense,Toys,155.06,318.86
PROD00410,Part Kid,Beauty,78.63,170.77
PROD00411,Sell Determine,Home & Furniture,132.96,329.15
PROD00412,Bank Discussion,Groceries,187.92,274.58
PROD00413,Thing Bring,Beauty,26.21,40.89
PROD00414,Human Ask,Auto Parts,111.41,289.19
PROD00415,Now Whatever,Books,75.65,191.38
PROD00416,Different Where,Groceries,195.72,492.14
PROD00417,Tax Cover,Auto Parts,183.85,281.99
PROD00418,Under Event,Auto Parts,93.33,120.7
PROD00419,Will Effort,Auto Parts,17.28,35.21
PROD00420,Front Art,Toys,58.93,152.75
PROD00421,Prove Magazine,Fashion,52.22,82.51
PROD00422,Cultural Rest,Groceries,172.68,457.04
PROD00423,Yeah Yard,Toys,54.94,78.37
PROD00424,Performance From,Auto Parts,147.29,247.0
PROD00425,Step Already,Sports & Leisure,186.29,312.46
PROD00426,Health President,Beauty,264.47,381.3
PROD00427,Participant Wait,Home & Furniture,77.28,200.65
PROD00428,Indeed Specific,Toys,59.84,111.31
PROD00429,Open If,Books,56.11,84.45
PROD00430,Writer Answer,Books,111.33,159.82
PROD00431,Happen Party,Garden & Tools,196.51,368.15
PROD00432,Compare Onto,Groceries,203.2,249.46
PROD00433,Road Spend,Electronics,67.23,93.7
PROD00434,Interesting Station,Electronics,43.71,52.71
PROD00435,Teach Item,Beauty,137.36,170.19
PROD00436,Would Again,Groceries,46.65,130.42
PROD00437,Large Answer,Sports & Leisure,244.81,469.6
PROD00438,Group Sister,Auto Parts,29.75,70.4
PROD00439,Local Would,Fashion,226.87,539.8
PROD00440,Town Throw,Books,17.58,45.86
PROD00441,Every Put,Books,243.06,332.02
PROD00442,State Stop,Beauty,190.01,387.82
PROD00443,Lose Garden,Home & Furniture,100.1,171.65
PROD00444,Few Book,Books,124.63,258.93
PROD00445,Throw Season,Garden & Tools,203.72,352.72
PROD00446,Move Again,Fashion,59.76,89.27
PROD00447,Bank Fill,Groceries,267.64,609.29
PROD00448,Finally Upon,Home & Furniture,147.45,186.01
PROD00449,Loss Blood,Fashion,229.24,603.5
PROD00450,Politics Energy,Auto Parts,154.48,221.53
PROD00451,Nation Practice,Home & Furniture,138.42,302.34
PROD00452,Second Way,Garden & Tools,143.54,345.46
PROD00453,Score About,Electronics,112.12,147.63
PROD00454,Fall Down,Fashion,221.16,585.03
PROD00455,Cultural Raise,Garden & Tools,254.61,450.63
PROD00456,Pull Lay,Books,257.05,718.39
PROD00457,Fight Wish,Groceries,40.74,53.37
PROD00458,South Fact,Garden & Tools,229.6,538.83
PROD00459,Adult Family,Sports & Leisure,63.99,93.24
PROD00460,Sign Stop,Home & Furniture,8.59,15.84
PROD00461,Nation Movement,Groceries,86.26,164.68
PROD00462,Energy Accept,Home & Furniture,91.4,169.08
PROD00463,Operation Lot,Beauty,243.89,424.4
PROD00464,Laugh Maintain,Auto Parts,224.01,543.79
PROD00465,Claim Guess,Toys,29.98,75.3
PROD00466,Learn Significant,Fashion,101.16,175.71
PROD00467,Fear Simply,Electronics,79.13,156.06
PROD00468,Late Involve,Books,180.66,338.7
PROD00469,Either Free,Auto Parts,164.75,354.15
PROD00470,Executive Require,Beauty,205.28,295.69
PROD00471,Even Light,Toys,273.67,681.19
PROD00472,Notice Article,Fashion,129.22,319.85
PROD00473,Popular Might,Electronics,198.5,425.72
PROD00474,Fear Leave,Sports & Leisure,275.91,660.48
PROD00475,Forward Yourself,Electronics,164.8,458.41
PROD00476,Son Cover,Home & Furniture,95.94,256.74
PROD00477,Reflect Throughout,Toys,123.86,269.81
PROD00478,Option Community,Electronics,227.61,459.37
PROD00479,Themselves Very,Books,217.4,446.81
PROD00480,I Scene,Toys,225.78,439.5
PROD00481,Sort Threat,Beauty,224.27,441.44
PROD00482,Figure Defense,Beauty,276.54,655.75
PROD00483,Hundred Write,Home & Furniture,230.38,642.16
PROD00484,Heavy Answer,Sports & Leisure,257.35,327.48
PROD00485,Authority Throw,Toys,174.24,273.26
PROD00486,Animal Agent,Beauty,195.03,299.63
PROD00487,Possible Suggest,Groceries,290.48,735.66
PROD00488,Give Send,Groceries,261.74,489.86
PROD00489,Scientist Role,Toys,234.32,478.06
PROD00490,Sound Personal,Fashion,207.23,404.23
PROD00491,Spend Window,Garden & Tools,110.76,284.2
PROD00492,It Meeting,Auto Parts,166.7,333.33
PROD00493,Either Friend,Groceries,21.26,48.23
PROD00494,Couple Language,Garden & Tools,127.77,157.31
PROD00495,Resource Anything,Electronics,38.01,85.29
PROD00496,Rest One,Auto Parts,219.95,348.74
PROD00497,Half Top,Toys,268.23,693.91
PROD00498,Former Send,Garden & Tools,56.35,135.38
PROD00499,President Government,Garden & Tools,77.48,106.52
PROD00500,Ready Million,Beauty,257.81,352.05
PROD00501,Control Political,Sports & Leisure,177.82,296.75
PROD00502,Live Wife,Toys,178.55,250.19
PROD00503,Approach Again,Groceries,171.05,407.87
PROD00504,Agree Campaign,Beauty,69.39,192.83
PROD00505,Condition Others,Toys,76.77,172.61
PROD00506,Defense Candidate,Books,285.14,455.79
PROD00507,Tax Behavior,Auto Parts,218.42,459.3
PROD00508,Inside Life,Beauty,31.68,78.85
PROD00509,Positive Short,Beauty,70.77,193.88
PROD00510,Individual Most,Fashion,190.0,229.54
PROD00511,Small Store,Groceries,88.62,180.6
PROD00512,Body Government,Groceries,79.26,152.59
PROD00513,Sister Game,Beauty,64.69,120.53
PROD00514,Life Prepare,Fashion,59.79,119.95
PROD00515,Hear Light,Books,185.93,343.15
PROD00516,Agency Store,Auto Parts,272.23,476.52
PROD00517,Save He,Groceries,111.53,154.32
PROD00518,Leg Land,Toys,40.85,81.69
PROD00519,Tell Part,Toys,41.67,104.75
PROD00520,Bank Natural,Sports & Leisure,280.44,383.52
PROD00521,Argue Gun,Home & Furniture,160.98,383.39
PROD00522,End Record,Auto Parts,142.55,232.13
PROD00523,Season Direction,Fashion,267.77,484.66
PROD00524,Fear Policy,Auto Parts,154.6,429.93
PROD00525,Occur Rather,Garden & Tools,146.78,334.71
PROD00526,Large Try,Home & Furniture,278.36,654.31
PROD00527,Wonder Recently,Electronics,144.97,313.69
PROD00528,Low Address,Garden & Tools,120.33,206.46
PROD00529,Claim Back,Toys,176.59,402.66
PROD00530,Control Indeed,Electronics,293.28,566.51
PROD00531,Only Part,Groceries,289.33,732.39
PROD00532,Challenge Lose,Fashion,233.8,494.18
PROD00533,Relate Mind,Fashion,152.29,370.67
PROD00534,Nor Social,Auto Parts,265.03,677.84
PROD00535,Range Couple,Electronics,128.72,323.58
PROD00536,Fine Part,Toys,193.84,357.32
PROD00537,Employee Contain,Home & Furniture,57.93,103.7
PROD00538,Ability Along,Fashion,200.08,518.31
PROD00539,Reach Out,Garden & Tools,86.45,123.53
PROD00540,Continue There,Groceries,232.67,383.22
PROD00541,Who Group,Fashion,127.14,177.18
PROD00542,Industry Bag,Home & Furniture,122.53,155.29
PROD00543,Report Wear,Toys,225.24,492.23
PROD00544,Book Option,Fashion,130.47,344.6
PROD00545,In Fund,Groceries,215.64,303.42
PROD00546,Because Knowledge,Beauty,257.24,636.19
PROD00547,Seat Themselves,Books,45.38,82.0
PROD00548,Maybe Agree,Groceries,146.31,320.28
PROD00549,Husband To,Beauty,283.75,687.24
PROD00550,Accept Have,Sports & Leisure,244.59,571.39
PROD00551,Trade Boy,Fashion,292.22,414.58
PROD00552,Your Bring,Beauty,258.79,358.33
PROD00553,Notice Why,Garden & Tools,96.51,258.52
PROD00554,Away Home,Groceries,57.85,76.78
PROD00555,Admit Often,Toys,67.11,103.98
PROD00556,Ten Authority,Books,68.98,131.16
PROD00557,Television Scientist,Sports & Leisure,27.34,68.72
PROD00558,Hear Force,Auto Parts,272.5,589.74
PROD00559,Best Very,Beauty,153.25,323.95
PROD00560,Imagine Light,Fashion,34.88,80.47
PROD00561,Scene Street,Books,229.98,571.14
PROD00562,Before Task,Home & Furniture,101.06,158.87
PROD00563,Success Marriage,Auto Parts,25.96,31.94
PROD00564,Woman Author,Books,60.98,85.59
PROD00565,Rich Statement,Fashion,198.98,291.36
PROD00566,Government Write,Home & Furniture,239.23,302.4
PROD00567,Cost Strong,Auto Parts,79.83,191.27
PROD00568,Million Record,Garden & Tools,175.23,458.38
PROD00569,Never Red,Fashion,5.26,12.29
PROD00570,Eight Magazine,Books,87.12,130.84
PROD00571,Wide Day,Auto Parts,58.58,127.14
PROD00572,Agree Class,Fashion,27.58,56.07
PROD00573,Form Condition,Auto Parts,147.75,371.14
PROD00574,Our Least,Home & Furniture,191.15,517.57
PROD00575,Edge Foot,Beauty,18.68,44.62
PROD00576,Teacher Decade,Garden & Tools,45.68,92.28
PROD00577,Reveal Compare,Fashion,280.03,565.01
PROD00578,Quite Industry,Toys,70.82,176.52
PROD00579,Key Entire,Beauty,229.2,319.97
PROD00580,Join Side,Beauty,225.58,326.03
PROD00581,Husband Material,Electronics,99.87,174.73
PROD00582,Personal Situation,Garden & Tools,65.21,156.21
PROD00583,Relate Detail,Fashion,76.97,100.49
PROD00584,Skill Interesting,Sports & Leisure,171.94,301.05
PROD00585,Difficult Rich,Sports & Leisure,117.44,200.78
PROD00586,After Begin,Beauty,151.19,298.93
PROD00587,Result Detail,Toys,244.43,474.67
PROD00588,Federal Floor,Garden & Tools,153.18,358.91
PROD00589,Relate Structure,Garden & Tools,298.59,657.17
PROD00590,To Establish,Beauty,201.42,532.64
PROD00591,Green Describe,Toys,66.14,98.49
PROD00592,Doctor Inside,Books,152.36,288.16
PROD00593,Something How,Books,244.96,450.76
PROD00594,Travel Positive,Sports & Leisure,69.4,95.77
PROD00595,However Staff,Groceries,220.18,322.28
PROD00596,Nice Hotel,Auto Parts,14.87,25.85
PROD00597,Campaign Take,Auto Parts,283.08,672.51
PROD00598,These Gas,Books,200.69,289.05
PROD00599,Year Those,Sports & Leisure,52.96,86.03
PROD00600,Entire School,Electronics,262.92,600.06
PROD00601,Success Space,Fashion,29.14,62.79
PROD00602,Address Why,Groceries,124.75,170.54
PROD00603,Nor Where,Electronics,222.4,602.69
PROD00604,Probably Window,Electronics,281.53,404.52
PROD00605,Person Draw,Groceries,107.9,140.08
PROD00606,Event While,Toys,250.0,421.7
PROD00607,Behavior Fund,Home & Furniture,63.04,78.32
PROD00608,Start Admit,Books,15.36,19.19
PROD00609,No Sport,Auto Parts,13.48,28.66
PROD00610,Medical Suddenly,Groceries,199.16,523.54
PROD00611,Property Mention,Books,50.49,93.11
PROD00612,Several Still,Home & Furniture,19.85,33.42
PROD00613,Gas Together,Fashion,293.14,780.75
PROD00614,Similar He,Fashion,76.39,99.18
PROD00615,Figure Among,Auto Parts,141.45,276.86
PROD00616,Word Again,Auto Parts,185.86,298.15
PROD00617,Hit Group,Sports & Leisure,47.61,86.21
PROD00618,Since Him,Sports & Leisure,110.36,204.97
PROD00619,Many Score,Groceries,196.07,406.3
PROD00620,Provide Catch,Fashion,193.73,372.97
PROD00621,Her Present,Auto Parts,253.41,704.7
PROD00622,Begin Face,Sports & Leisure,134.04,166.32
PROD00623,How Building,Auto Parts,267.5,645.28
PROD00624,Successful Cultural,Garden & Tools,206.25,264.33
PROD00625,Few Hand,Auto Parts,170.82,322.8
PROD00626,Our Visit,Beauty,39.56,60.25
PROD00627,Degree One,Home & Furniture,174.54,473.44
PROD00628,You Less,Toys,180.43,425.09
PROD00629,Rock Behind,Electronics,228.85,444.1
PROD00630,Move Soldier,Toys,217.15,591.43
PROD00631,Small Mother,Electronics,161.34,379.81
PROD00632,Save Particular,Sports & Leisure,179.88,489.83
PROD00633,Beat Turn,Electronics,232.84,541.89
PROD00634,Rate Know,Groceries,108.67,143.92
PROD00635,Name Too,Electronics,44.82,97.98
PROD00636,Life Accept,Books,262.92,727.91
PROD00637,Meeting Number,Electronics,289.68,446.89
PROD00638,Goal Treatment,Home & Furniture,131.64,324.94
PROD00639,Live Dinner,Beauty,297.14,444.35
PROD00640,Team Billion,Groceries,100.19,192.72
PROD00641,Course Themselves,Fashion,24.64,32.91
PROD00642,Look Professor,Groceries,173.88,303.41
PROD00643,Require Yeah,Toys,261.12,637.65
PROD00644,Too Fire,Books,187.16,238.15
PROD00645,Fire Apply,Garden & Tools,7.78,13.32
PROD00646,Suffer Push,Electronics,8.49,18.74
PROD00647,Himself Might,Books,218.68,594.3
PROD00648,Discover Current,Books,254.38,405.12
PROD00649,Dark No,Garden & Tools,79.65,117.65
PROD00650,Special Pass,Groceries,143.69,219.25
PROD00651,Color Near,Books,288.52,455.54
PROD00652,Spend Yard,Home & Furniture,140.87,312.92
PROD00653,Team Exist,Garden & Tools,45.07,126.1
PROD00654,Site Sport,Fashion,273.94,558.22
PROD00655,Safe Draw,Home & Furniture,151.07,246.89
PROD00656,Leader Ask,Fashion,106.57,255.25
PROD00657,Another Attorney,Electronics,33.74,49.03
PROD00658,Game Would,Toys,140.19,174.96
PROD00659,Central Everyone,Sports & Leisure,232.05,503.18
PROD00660,Whom Shoulder,Auto Parts,216.57,332.75
PROD00661,Later Field,Toys,151.49,278.56
PROD00662,Ask Trouble,Electronics,217.26,341.06
PROD00663,Soldier Way,Electronics,108.47,289.5
PROD00664,Seem One,Home & Furniture,221.9,386.28
PROD00665,Scientist Charge,Toys,30.29,58.11
PROD00666,Fish Close,Toys,63.77,100.49
PROD00667,National Center,Auto Parts,263.93,352.55
PROD00668,There Specific,Fashion,91.63,185.1
PROD00669,Better Present,Fashion,65.75,170.29
PROD00670,Machine Man,Groceries,31.26,55.1
PROD00671,Majority Gas,Books,120.92,296.2
PROD00672,Million Job,Fashion,24.76,31.0
PROD00673,Central Tax,Groceries,151.61,239.06
PROD00674,Tend Few,Fashion,276.17,389.51
PROD00675,Size Difference,Books,237.2,437.54
PROD00676,Every Still,Electronics,17.0,44.73
PROD00677,Happen Born,Beauty,93.43,167.95
PROD00678,He Heart,Books,60.36,130.7
PROD00679,Member If,Sports & Leisure,24.75,65.27
PROD00680,Way Event,Beauty,37.05,65.79
PROD00681,Military Pass,Garden & Tools,272.9,487.18
PROD00682,Cell Official,Electronics,96.47,129.34
PROD00683,Attorney Stay,Beauty,120.71,212.27
PROD00684,Reach Security,Electronics,148.28,354.96
PROD00685,Speak Beautiful,Garden & Tools,224.75,573.43
PROD00686,Citizen Their,Beauty,240.52,566.76
PROD00687,Represent Give,Fashion,289.3,350.37
PROD00688,Role Because,Toys,67.15,93.15
PROD00689,Public Risk,Books,93.81,222.29
PROD00690,Skin Decision,Books,97.32,263.53
PROD00691,Three Yourself,Garden & Tools,136.35,315.32
PROD00692,Several Himself,Fashion,243.18,379.79
PROD00693,Relationship Same,Books,75.64,103.79
PROD00694,Find Especially,Fashion,235.96,614.26
PROD00695,Particular Buy,Toys,65.19,88.56
PROD00696,Especially Four,Home & Furniture,214.49,309.22
PROD00697,Theory Bed,Auto Parts,240.71,518.66
PROD00698,Control Rather,Garden & Tools,256.87,386.33
PROD00699,Only Hundred,Home & Furniture,155.53,243.27
PROD00700,Measure Two,Electronics,101.97,145.57
PROD00701,Model Three,Beauty,232.85,631.24
PROD00702,Per Military,Groceries,99.67,139.53
PROD00703,What Gun,Toys,48.69,130.98
PROD00704,And Everybody,Books,251.23,432.6
PROD00705,Wind They,Garden & Tools,126.32,317.63
PROD00706,Clear Student,Toys,173.4,471.65
PROD00707,Care Attention,Beauty,275.94,560.38
PROD00708,Ready Help,Groceries,45.06,109.6
PROD00709,Last Identify,Beauty,169.37,275.33
PROD00710,Road Reason,Garden & Tools,169.84,307.88
PROD00711,Term West,Groceries,259.26,540.5
PROD00712,Follow Level,Sports & Leisure,105.67,270.59
PROD00713,Soldier Safe,Auto Parts,123.36,270.55
PROD00714,Discuss Tend,Toys,158.19,195.42
PROD00715,Concern Themselves,Garden & Tools,54.32,91.67
PROD00716,Less Analysis,Garden & Tools,143.85,371.7
PROD00717,Father Team,Books,133.64,211.74
PROD00718,Way Issue,Home & Furniture,63.23,113.1
PROD00719,System Apply,Books,250.74,457.2
PROD00720,Parent Husband,Electronics,132.15,191.24
PROD00721,Win Management,Home & Furniture,95.29,167.68
PROD00722,Finally Couple,Sports & Leisure,43.46,108.99
PROD00723,Religious Purpose,Toys,31.48,80.54
PROD00724,Power Street,Electronics,288.27,613.85
PROD00725,Enough Purpose,Home & Furniture,298.57,682.53
PROD00726,Scene Once,Beauty,269.89,554.71
PROD00727,Majority Treat,Auto Parts,140.3,178.3
PROD00728,Idea Child,Groceries,243.34,563.26
PROD00729,Available Activity,Garden & Tools,251.11,701.72
PROD00730,Wear Condition,Auto Parts,93.44,146.19
PROD00731,Go Rate,Beauty,177.88,492.98
PROD00732,Themselves Specific,Toys,287.26,803.3
PROD00733,Various Wonder,Fashion,87.62,124.98
PROD00734,Forget Would,Groceries,200.55,537.84
PROD00735,Employee Case,Toys,200.45,457.2
PROD00736,Present Meeting,Groceries,138.54,269.63
PROD00737,Well Trip,Auto Parts,149.65,262.11
PROD00738,Join Force,Books,139.63,308.26
PROD00739,Single Walk,Beauty,158.72,404.49
PROD00740,Machine Chair,Fashion,48.89,61.34
PROD00741,Begin State,Fashion,239.45,492.49
PROD00742,Method Management,Books,200.02,448.13
PROD00743,See Century,Groceries,292.28,362.71
PROD00744,Knowledge Green,Groceries,77.46,203.14
PROD00745,Total Candidate,Groceries,48.06,130.86
PROD00746,Ability Under,Auto Parts,106.05,231.19
PROD00747,Only Person,Electronics,155.37,215.53
PROD00748,Use Treat,Toys,65.48,176.26
PROD00749,Pressure Me,Garden & Tools,140.88,350.51
PROD00750,As Return,Auto Parts,194.57,242.37
PROD00751,Training Hit,Home & Furniture,21.57,45.87
PROD00752,Ahead Show,Beauty,228.62,316.24
PROD00753,Perform Man,Books,282.21,402.35
PROD00754,Feel Crime,Beauty,84.13,126.87
PROD00755,Along Point,Auto Parts,233.99,429.11
PROD00756,Break Sort,Garden & Tools,128.29,333.84
PROD00757,Assume Measure,Electronics,201.01,251.21
PROD00758,Almost Art,Auto Parts,224.19,516.25
PROD00759,When Question,Garden & Tools,92.02,252.44
PROD00760,Interview Avoid,Electronics,237.28,528.18
PROD00761,Pull Mission,Electronics,36.01,90.2
PROD00762,Hundred Field,Sports & Leisure,296.08,782.49
PROD00763,Artist Board,Electronics,104.42,244.73
PROD00764,Expect Place,Garden & Tools,71.02,160.2
PROD00765,Tree Enter,Auto Parts,45.9,56.4
PROD00766,Heavy Defense,Books,244.59,496.57
PROD00767,Understand Toward,Auto Parts,177.84,346.92
PROD00768,Opportunity Our,Sports & Leisure,285.74,581.86
PROD00769,Yard Happen,Books,196.07,370.96
PROD00770,Billion Light,Home & Furniture,105.47,279.55
PROD00771,Claim Also,Auto Parts,251.74,660.18
PROD00772,Former Always,Fashion,87.96,123.24
PROD00773,Fill Occur,Sports & Leisure,90.8,186.38
PROD00774,To Board,Groceries,13.34,36.49
PROD00775,Sister Wide,Sports & Leisure,79.35,171.23
PROD00776,Yard Case,Garden & Tools,82.12,203.88
PROD00777,Thousand Space,Beauty,92.77,166.74
PROD00778,Maybe Hair,Beauty,113.75,205.16
PROD00779,Finish Whom,Sports & Leisure,175.12,301.4
PROD00780,Writer Statement,Fashion,68.84,85.01
PROD00781,Media Window,Garden & Tools,192.84,516.77
PROD00782,Movement Box,Beauty,44.33,78.0
PROD00783,Number Series,Sports & Leisure,279.62,499.78
PROD00784,Let Notice,Beauty,12.7,30.67
PROD00785,With She,Fashion,272.92,557.58
PROD00786,Environment Their,Electronics,166.42,296.11
PROD00787,Himself Present,Home & Furniture,214.46,560.55
PROD00788,Participant Plant,Auto Parts,93.01,234.44
PROD00789,Involve Couple,Garden & Tools,56.27,155.47
PROD00790,Hundred Everyone,Home & Furniture,284.45,633.08
PROD00791,Ten Right,Home & Furniture,135.1,311.29
PROD00792,Relate Time,Sports & Leisure,146.75,252.29
PROD00793,Maintain Free,Garden & Tools,295.78,402.06
PROD00794,Represent Office,Auto Parts,104.14,142.62
PROD00795,Indeed Community,Fashion,34.56,77.19
PROD00796,Send Produce,Auto Parts,178.14,246.05
PROD00797,Reveal Employee,Beauty,168.67,447.08
PROD00798,Play Off,Fashion,233.07,542.17
PROD00799,Minute Beautiful,Sports & Leisure,286.75,447.88
PROD00800,Interest War,Toys,95.76,157.69
PROD00801,To Animal,Toys,217.93,509.08
PROD00802,Pm Against,Home & Furniture,133.18,335.43
PROD00803,Agency Course,Toys,236.21,600.7
PROD00804,Three Among,Toys,53.46,115.56
PROD00805,Music Production,Home & Furniture,152.75,221.24
PROD00806,Too Specific,Garden & Tools,27.77,69.69
PROD00807,Draw Fire,Auto Parts,170.55,420.68
PROD00808,Become Girl,Groceries,54.85,139.13
PROD00809,Success Public,Home & Furniture,288.21,418.56
PROD00810,Education Ready,Books,168.53,386.77
PROD00811,State Kitchen,Groceries,161.17,441.02
PROD00812,Save Generation,Auto Parts,291.84,469.77
PROD00813,National Sometimes,Electronics,152.03,356.78
PROD00814,Him Theory,Toys,204.63,330.33
PROD00815,Year End,Garden & Tools,18.77,31.75
PROD00816,Somebody Hundred,Sports & Leisure,213.96,422.88
PROD00817,Four Find,Auto Parts,35.77,94.14
PROD00818,Past Himself,Auto Parts,235.17,296.75
PROD00819,Enough Hear,Fashion,263.67,733.91
PROD00820,Generation Go,Garden & Tools,98.06,238.81
PROD00821,Answer Mind,Toys,264.05,468.86
PROD00822,Yeah Peace,Fashion,147.38,260.37
PROD00823,Go Song,Beauty,173.61,342.49
PROD00824,Current Of,Groceries,126.24,328.32
PROD00825,Inside Leg,Electronics,145.58,178.87
PROD00826,Surface Experience,Beauty,272.94,566.95
PROD00827,Also There,Beauty,284.45,366.87
PROD00828,Word Appear,Fashion,136.53,189.09
PROD00829,Pressure Campaign,Home & Furniture,156.74,361.3
PROD00830,Forget Ability,Groceries,39.27,61.85
PROD00831,Anything Throughout,Books,101.06,128.0
PROD00832,Him Bed,Home & Furniture,156.4,228.78
PROD00833,Over Put,Groceries,64.76,99.33
PROD00834,Trial Technology,Groceries,175.08,425.73
PROD00835,Up It,Toys,207.16,455.73
PROD00836,Bring Speak,Groceries,196.74,467.49
PROD00837,Chance Establish,Auto Parts,135.54,242.85
PROD00838,Soon Laugh,Fashion,231.95,320.33
PROD00839,Western Show,Home & Furniture,99.26,247.0
PROD00840,A Discuss,Toys,143.44,204.35
PROD00841,Thought North,Home & Furniture,84.7,153.5
PROD00842,Read Yard,Fashion,183.07,296.51
PROD00843,News Small,Books,135.01,226.07
PROD00844,Lead Successful,Auto Parts,69.05,149.35
PROD00845,Likely If,Auto Parts,95.91,140.31
PROD00846,Role Fast,Garden & Tools,87.44,167.31
PROD00847,Among Red,Home & Furniture,273.72,608.18
PROD00848,Thing Good,Electronics,158.98,411.8
PROD00849,Knowledge Care,Books,197.53,354.36
PROD00850,Impact That,Toys,280.75,480.06
PROD00851,Character Line,Groceries,58.75,105.08
PROD00852,Business Future,Beauty,281.38,563.12
PROD00853,Military Response,Toys,164.19,279.28
PROD00854,Seat Type,Auto Parts,257.58,412.31
PROD00855,Mean Activity,Electronics,54.56,98.23
PROD00856,Final Less,Fashion,85.52,209.06
PROD00857,Quite Else,Sports & Leisure,62.28,99.93
PROD00858,Wish Already,Toys,197.76,504.57
PROD00859,Hundred Oil,Sports & Leisure,46.52,77.05
PROD00860,Above Reduce,Electronics,238.79,516.96
PROD00861,Financial Town,Electronics,78.88,217.2
PROD00862,Money Spend,Electronics,80.37,218.84
PROD00863,Education Democrat,Groceries,87.93,166.66
PROD00864,Reach School,Toys,225.18,294.54
PROD00865,His Behind,Fashion,277.64,734.14
PROD00866,Smile Understand,Beauty,272.72,382.64
PROD00867,Choice Worker,Groceries,34.87,93.37
PROD00868,Public Health,Toys,82.42,195.52
PROD00869,Machine Field,Toys,203.29,547.82
PROD00870,Oil Property,Books,187.47,424.55
PROD00871,Feeling Beautiful,Auto Parts,108.26,302.28
PROD00872,Field Friend,Books,259.54,505.38
PROD00873,Blue Agree,Electronics,43.49,75.12
PROD00874,Without Throughout,Sports & Leisure,193.51,353.99
PROD00875,Really Mean,Groceries,85.56,150.63
PROD00876,Blue Contain,Books,160.52,295.56
PROD00877,Blue Above,Sports & Leisure,119.31,312.15
PROD00878,Finally Yeah,Auto Parts,294.02,631.35
PROD00879,Reflect Cost,Toys,148.57,350.79
PROD00880,Vote Exactly,Toys,292.95,486.47
PROD00881,Crime Television,Electronics,80.23,223.34
PROD00882,Service Pass,Home & Furniture,231.54,381.85
PROD00883,Often Prove,Garden & Tools,216.53,314.93
PROD00884,Major Across,Sports & Leisure,255.06,623.65
PROD00885,Meet Similar,Fashion,209.61,532.94
PROD00886,Threat Two,Groceries,206.3,377.54
PROD00887,Design Man,Beauty,199.91,412.96
PROD00888,Weight Wait,Toys,295.59,550.57
PROD00889,Two Religious,Sports & Leisure,72.29,120.74
PROD00890,Success Practice,Books,13.88,34.72
PROD00891,Much Occur,Toys,205.0,494.31
PROD00892,Which Any,Groceries,55.84,110.37
PROD00893,Woman Generation,Fashion,205.42,396.23
PROD00894,Section Forward,Fashion,99.31,147.8
PROD00895,Teacher Player,Home & Furniture,17.79,39.49
PROD00896,Help Food,Books,232.08,621.48
PROD00897,Must Describe,Home & Furniture,20.24,47.57
PROD00898,Receive Traditional,Electronics,71.12,142.95
PROD00899,Card Collection,Electronics,104.24,131.54
PROD00900,First Officer,Auto Parts,44.16,118.72
PROD00901,Your Include,Electronics,274.5,464.69
PROD00902,Upon Glass,Toys,188.44,316.56
PROD00903,Heart Court,Sports & Leisure,263.24,513.67
PROD00904,Discussion Structure,Books,206.21,389.05
PROD00905,After Friend,Garden & Tools,297.62,815.41
PROD00906,Cover Fire,Auto Parts,159.92,234.12
PROD00907,Accept News,Fashion,20.86,48.03
PROD00908,Happy Art,Books,52.45,71.9
PROD00909,Animal Page,Toys,178.59,293.43
PROD00910,Nation Effort,Home & Furniture,107.58,253.4
PROD00911,Purpose Subject,Books,38.3,95.23
PROD00912,Cover Whether,Books,75.25,146.76
PROD00913,Occur Good,Sports & Leisure,145.0,357.13
PROD00914,College Cultural,Toys,157.86,425.62
PROD00915,Put Choice,Auto Parts,280.7,757.12
PROD00916,Painting Politics,Toys,31.75,55.5
PROD00917,Sound But,Home & Furniture,110.55,187.87
PROD00918,Product Though,Beauty,154.28,364.46
PROD00919,Energy Goal,Electronics,38.41,86.29
PROD00920,Hand Partner,Home & Furniture,207.9,379.96
PROD00921,Practice Magazine,Auto Parts,156.93,245.73
PROD00922,Politics Subject,Toys,140.56,307.75
PROD00923,Which American,Groceries,198.54,374.92
PROD00924,Least Box,Groceries,89.91,126.9
PROD00925,Recognize Deal,Home & Furniture,105.1,233.62
PROD00926,Majority But,Sports & Leisure,53.0,122.76
PROD00927,Seem Care,Electronics,159.5,284.35
PROD00928,Former Draw,Auto Parts,114.86,290.73
PROD00929,National Which,Sports & Leisure,81.8,107.8
PROD00930,Energy Foreign,Electronics,41.8,83.33
PROD00931,Before Similar,Toys,11.85,32.35
PROD00932,Already Far,Auto Parts,62.04,93.35
PROD00933,Material Professor,Electronics,77.99,115.09
PROD00934,Free Cause,Electronics,148.2,267.64
PROD00935,That Heavy,Electronics,76.09,123.95
PROD00936,Yeah Seven,Toys,246.21,382.72
PROD00937,Difficult Other,Garden & Tools,144.87,394.01
PROD00938,Explain The,Fashion,189.02,331.12
PROD00939,Specific Night,Auto Parts,66.34,85.96
PROD00940,Conference Bit,Auto Parts,127.76,337.24
PROD00941,Statement Investment,Toys,182.82,350.5
PROD00942,Security Voice,Fashion,96.76,230.05
PROD00943,Society Range,Garden & Tools,104.18,186.25
PROD00944,It Animal,Groceries,243.19,655.71
PROD00945,Still Character,Books,251.97,418.39
PROD00946,Study Kitchen,Beauty,162.22,366.69
PROD00947,Court Notice,Groceries,269.44,678.71
PROD00948,Turn Positive,Fashion,222.32,351.42
PROD00949,Mother Receive,Electronics,21.31,52.9
PROD00950,Ability Hit,Beauty,170.04,419.6
PROD00951,Question Sure,Auto Parts,210.85,578.31
PROD00952,Adult His,Toys,164.56,440.44
PROD00953,Read Stuff,Electronics,250.43,456.23
PROD00954,Somebody Director,Electronics,93.75,201.08
PROD00955,Finish Avoid,Electronics,24.32,65.19
PROD00956,Record Including,Books,191.92,231.65
PROD00957,Through Important,Garden & Tools,220.59,486.13
PROD00958,Majority Soldier,Garden & Tools,230.75,356.41
PROD00959,Law There,Auto Parts,8.26,19.68
PROD00960,Radio Control,Fashion,203.65,503.9
PROD00961,Smile American,Fashion,11.11,26.01
PROD00962,Team Popular,Toys,233.56,652.5
PROD00963,Over Teacher,Books,212.42,417.79
PROD00964,Kind Interest,Auto Parts,172.39,361.7
PROD00965,Fall Quality,Fashion,154.37,286.26
PROD00966,Card Art,Toys,215.96,595.7
PROD00967,Sister Year,Toys,21.87,58.53
PROD00968,Around Evening,Auto Parts,250.5,696.04
PROD00969,Major Police,Books,64.36,178.65
PROD00970,Do Ground,Auto Parts,145.95,384.25
PROD00971,Before Expert,Books,148.61,399.67
PROD00972,Between Down,Home & Furniture,234.25,326.03
PROD00973,Young War,Books,61.93,91.51
PROD00974,Discussion Onto,Sports & Leisure,93.43,244.44
PROD00975,Street Three,Books,200.62,474.04
PROD00976,Our Nor,Auto Parts,126.77,329.6
PROD00977,Appear Glass,Books,93.16,226.57
PROD00978,Chair Free,Sports & Leisure,188.32,268.04
PROD00979,And Answer,Sports & Leisure,30.54,81.44
PROD00980,Deep Point,Fashion,237.98,579.24
PROD00981,Ground Project,Sports & Leisure,159.8,337.7
PROD00982,Clear Current,Sports & Leisure,65.78,134.97
PROD00983,Population Yourself,Garden & Tools,125.51,265.84
PROD00984,Senior Her,Fashion,43.67,79.68
PROD00985,Similar Against,Toys,186.89,464.45
PROD00986,Year Item,Groceries,202.44,537.36
PROD00987,Professional Travel,Toys,124.56,199.88
PROD00988,Among Mind,Home & Furniture,105.21,132.66
PROD00989,Admit Of,Toys,255.69,389.85
PROD00990,Plant Fund,Electronics,174.94,421.91
PROD00991,Financial Moment,Fashion,201.77,522.47
PROD00992,Management Cover,Garden & Tools,42.62,74.91
PROD00993,Figure Create,Beauty,215.43,311.04
PROD00994,Film Adult,Books,136.16,350.43
PROD00995,Ago Matter,Auto Parts,113.17,174.67
PROD00996,Nothing Away,Auto Parts,279.17,443.04
PROD00997,Agent Behind,Books,20.91,28.19
PROD00998,Base Now,Auto Parts,62.7,166.56
PROD00999,But Reveal,Books,115.64,199.22
PROD01000,Those Surface,Toys,100.59,148.36
PROD01001,Church Threat,Books,155.65,424.28
PROD01002,Less Ability,Fashion,123.27,214.1
PROD01003,Kid Theory,Electronics,237.55,569.16
PROD01004,Scientist Table,Beauty,231.56,363.23
PROD01005,Entire Feel,Electronics,232.85,550.21
PROD01006,Current Power,Garden & Tools,113.96,179.08
PROD01007,Own Involve,Electronics,125.17,277.93
PROD01008,Open They,Sports & Leisure,217.54,414.5
PROD01009,They As,Groceries,41.64,103.18
PROD01010,Prove Happy,Electronics,256.32,607.08
PROD01011,Year Choose,Sports & Leisure,164.67,444.08
PROD01012,Candidate Civil,Groceries,255.32,460.24
PROD01013,Region Former,Fashion,239.11,575.52
PROD01014,Chair Deal,Books,115.44,317.48
PROD01015,Player Heart,Toys,34.96,60.76
PROD01016,Contain Goal,Garden & Tools,276.64,460.33
PROD01017,Popular Marriage,Groceries,106.66,259.24
PROD01018,Identify Yes,Fashion,115.25,220.45
PROD01019,Television Middle,Electronics,273.17,502.04
PROD01020,Third Recently,Garden & Tools,275.62,571.35
PROD01021,Board Talk,Groceries,82.56,222.65
PROD01022,Firm Wait,Beauty,31.24,41.68
PROD01023,Finally Fact,Home & Furniture,5.33,10.37
PROD01024,Population Show,Electronics,134.3,184.83
PROD01025,Authority What,Books,172.73,451.47
PROD01026,Can Suggest,Electronics,84.75,120.24
PROD01027,Music Hold,Books,81.63,109.67
PROD01028,Board Water,Groceries,110.25,302.31
PROD01029,City Part,Fashion,82.61,173.59
PROD01030,If View,Books,258.24,651.13
PROD01031,Site Half,Books,194.64,380.02
PROD01032,Pretty Image,Sports & Leisure,249.54,473.38
PROD01033,Form His,Fashion,258.84,688.15
PROD01034,Film Window,Books,133.33,371.16
PROD01035,Leave Control,Electronics,145.89,319.45
PROD01036,However Sing,Beauty,293.46,783.27
PROD01037,Alone More,Groceries,245.97,634.69
PROD01038,Enjoy Bad,Books,240.38,497.69
PROD01039,Avoid Eight,Beauty,177.2,479.46
PROD01040,Action Create,Books,141.04,216.65
PROD01041,Own Financial,Electronics,268.91,703.4
PROD01042,Minute Mention,Fashion,242.34,410.76
PROD01043,Perform Article,Toys,157.45,196.63
PROD01044,Per Different,Electronics,84.79,208.53
PROD01045,Open Model,Home & Furniture,48.45,130.23
PROD01046,Republican Focus,Fashion,168.05,259.95
PROD01047,Attack Their,Beauty,92.33,189.7
PROD01048,Enough Team,Books,82.94,198.97
PROD01049,Or Traditional,Auto Parts,36.21,62.66
PROD01050,Actually Kid,Electronics,15.17,21.77
PROD01051,Affect See,Beauty,236.09,431.48
PROD01052,Teacher Whose,Beauty,36.86,71.16
PROD01053,Stage Radio,Books,267.14,637.81
PROD01054,Raise Section,Electronics,68.07,103.32
PROD01055,Nearly But,Auto Parts,229.1,573.71
PROD01056,Collection Food,Electronics,247.78,496.42
PROD01057,Employee Former,Garden & Tools,238.8,631.92
PROD01058,Situation Travel,Electronics,262.49,552.61
PROD01059,Crime Physical,Fashion,105.22,201.49
PROD01060,President Bit,Electronics,295.84,490.76
PROD01061,Site Report,Beauty,87.48,119.85
PROD01062,Father Professional,Toys,280.62,503.64
PROD01063,Method Culture,Auto Parts,134.04,249.56
PROD01064,Last Beyond,Beauty,21.79,45.96
PROD01065,Grow Improve,Books,236.55,609.3
PROD01066,Bit Agree,Home & Furniture,237.29,460.84
PROD01067,Own Rise,Toys,63.2,107.62
PROD01068,Argue Receive,Groceries,247.94,643.95
PROD01069,Bed Responsibility,Fashion,51.49,122.25
PROD01070,Recent Fast,Electronics,49.67,84.0
PROD01071,Price National,Home & Furniture,243.63,357.43
PROD01072,Practice Everything,Home & Furniture,90.61,150.92
PROD01073,Often Voice,Books,27.68,38.69
PROD01074,Successful Style,Toys,287.12,759.57
PROD01075,Ahead Cold,Sports & Leisure,169.33,368.93
PROD01076,Discussion Plan,Garden & Tools,137.18,354.15
PROD01077,Accept Order,Electronics,153.71,386.21
PROD01078,Nature Much,Sports & Leisure,202.78,293.05
PROD01079,Should Window,Groceries,259.19,494.74
PROD01080,What There,Garden & Tools,203.41,560.46
PROD01081,Degree Wish,Home & Furniture,223.16,351.27
PROD01082,Laugh Car,Groceries,58.15,74.45
PROD01083,Least Often,Books,118.31,207.47
PROD01084,Apply Result,Electronics,177.52,358.15
PROD01085,Change Just,Garden & Tools,187.72,242.05
PROD01086,Individual Think,Auto Parts,84.85,159.75
PROD01087,Turn Case,Groceries,292.62,469.79
PROD01088,Guess All,Sports & Leisure,39.86,61.36
PROD01089,Leader Opportunity,Beauty,38.12,61.84
PROD01090,Seek Cultural,Electronics,72.6,99.36
PROD01091,Represent Suffer,Home & Furniture,227.4,300.77
PROD01092,Should Military,Sports & Leisure,15.78,33.98
PROD01093,Believe People,Sports & Leisure,296.42,805.23
PROD01094,Yeah Step,Groceries,296.38,737.27
PROD01095,Kitchen Level,Sports & Leisure,52.11,132.06
PROD01096,Present Who,Sports & Leisure,123.35,293.1
PROD01097,Region Care,Fashion,65.16,177.86
PROD01098,Impact Foot,Toys,125.36,341.09
PROD01099,Happen Measure,Books,162.19,396.6
PROD01100,Nearly Rock,Sports & Leisure,247.71,581.01
PROD01101,Financial Success,Home & Furniture,15.56,26.27
PROD01102,Agree Book,Beauty,296.13,398.55
PROD01103,Result Leader,Fashion,282.47,380.94
PROD01104,Pull Performance,Toys,173.27,412.04
PROD01105,Beyond Never,Auto Parts,146.86,182.9
PROD01106,A Imagine,Fashion,167.44,419.65
PROD01107,Relate Support,Toys,10.44,18.65
PROD01108,Discover See,Auto Parts,222.62,335.56
PROD01109,Build Attorney,Sports & Leisure,151.45,280.51
PROD01110,Down Nation,Groceries,89.38,207.83
PROD01111,Week Mr,Groceries,141.16,231.53
PROD01112,People Newspaper,Toys,91.31,134.94
PROD01113,Cut Guess,Electronics,211.49,503.48
PROD01114,Require Film,Sports & Leisure,186.26,485.97
PROD01115,Gas Body,Garden & Tools,119.49,255.33
PROD01116,Along Who,Auto Parts,97.7,199.13
PROD01117,North Art,Auto Parts,264.02,635.71
PROD01118,Structure Support,Books,206.26,489.3
PROD01119,Somebody Eight,Groceries,216.16,261.56
PROD01120,Attention Coach,Beauty,187.49,309.54
PROD01121,Section Fund,Auto Parts,27.19,73.17
PROD01122,Provide Woman,Home & Furniture,22.48,61.51
PROD01123,Morning Over,Home & Furniture,131.61,265.39
PROD01124,Key Between,Toys,279.5,585.87
PROD01125,Rest Its,Beauty,159.79,191.92
PROD01126,Nice Foot,Beauty,263.39,599.41
PROD01127,Bit Start,Home & Furniture,33.48,51.56
PROD01128,Beat Very,Auto Parts,218.66,307.14
PROD01129,Across Recent,Home & Furniture,77.37,130.56
PROD01130,Great Avoid,Auto Parts,159.73,361.6
PROD01131,Table Performance,Sports & Leisure,91.41,173.51
PROD01132,Drop Clearly,Sports & Leisure,215.14,378.32
PROD01133,Administration Cell,Toys,123.26,291.25
PROD01134,Huge Same,Sports & Leisure,141.34,353.63
PROD01135,Piece The,Books,77.38,200.47
PROD01136,Budget Young,Fashion,88.03,168.28
PROD01137,Garden Treatment,Fashion,57.95,136.1
PROD01138,Area Service,Fashion,168.37,440.51
PROD01139,Nearly Term,Electronics,47.77,126.79
PROD01140,Build May,Fashion,84.12,167.18
PROD01141,Create Candidate,Beauty,161.49,285.6
PROD01142,Generation Management,Books,86.08,227.28
PROD01143,Support Improve,Beauty,178.61,289.04
PROD01144,Send Reality,Fashion,9.18,22.72
PROD01145,Question Because,Groceries,292.1,775.19
PROD01146,Receive Surface,Sports & Leisure,220.35,525.22
PROD01147,Bring Several,Fashion,153.63,351.47
PROD01148,Skin Draw,Beauty,276.65,354.41
PROD01149,Pull Seem,Beauty,261.58,399.06
PROD01150,Son Boy,Fashion,113.13,256.41
PROD01151,Quite Energy,Auto Parts,39.26,96.43
PROD01152,Bit Enter,Beauty,79.41,103.35
PROD01153,Others Move,Groceries,66.56,81.9
PROD01154,Shoulder Right,Auto Parts,226.27,384.3
PROD01155,International Kind,Toys,166.69,372.04
PROD01156,Drop Get,Fashion,255.78,516.49
PROD01157,Citizen Of,Electronics,149.46,181.35
PROD01158,Fear Have,Auto Parts,232.08,334.79
PROD01159,Yet Month,Beauty,100.41,241.34
PROD01160,Center Note,Fashion,182.63,306.14
PROD01161,Think Talk,Toys,193.62,268.65
PROD01162,Enough Sense,Garden & Tools,228.99,293.42
PROD01163,Society Conference,Auto Parts,240.85,616.75
PROD01164,Little Artist,Toys,86.57,169.22
PROD01165,Environment International,Auto Parts,118.59,237.88
PROD01166,Hear Most,Toys,66.1,85.81
PROD01167,Attack Draw,Groceries,225.61,447.1
PROD01168,Treatment Themselves,Groceries,84.86,189.51
PROD01169,Prepare With,Groceries,120.35,168.07
PROD01170,Fast Be,Home & Furniture,241.89,639.56
PROD01171,Situation Run,Home & Furniture,105.24,258.19
PROD01172,Television Control,Home & Furniture,90.99,225.93
PROD01173,Throw Eat,Toys,197.1,405.72
PROD01174,Decade Former,Groceries,292.74,507.69
PROD01175,State Probably,Garden & Tools,23.47,52.21
PROD01176,Them Within,Electronics,251.26,392.11
PROD01177,Next Admit,Groceries,40.87,58.0
PROD01178,Agency Short,Groceries,106.74,220.03
PROD01179,Question Space,Sports & Leisure,127.93,251.49
PROD01180,Street View,Fashion,217.03,312.62
PROD01181,Explain Management,Electronics,278.34,570.22
PROD01182,Site Meet,Beauty,35.09,72.79
PROD01183,Special Rise,Toys,224.72,583.02
PROD01184,Sort Tell,Toys,100.08,241.67
PROD01185,Money Before,Sports & Leisure,271.06,419.63
PROD01186,Final Just,Books,87.07,218.43
PROD01187,Full Season,Auto Parts,209.69,576.74
PROD01188,Tend Letter,Toys,53.6,125.78
PROD01189,Network Organization,Home & Furniture,287.59,707.24
PROD01190,Seem Center,Home & Furniture,6.28,10.21
PROD01191,Rate Book,Home & Furniture,73.69,205.38
PROD01192,Goal Rate,Home & Furniture,204.4,302.97
PROD01193,Vote Spend,Sports & Leisure,256.79,616.65
PROD01194,Few Shake,Garden & Tools,298.1,546.22
PROD01195,Fact Bring,Sports & Leisure,56.11,99.37
PROD01196,Score Dinner,Groceries,95.61,158.35
PROD01197,Defense Civil,Sports & Leisure,268.1,510.92
PROD01198,Its Argue,Groceries,14.59,35.97
PROD01199,Care Skill,Books,221.33,598.82
PROD01200,Upon Skill,Garden & Tools,129.8,242.2
